{"stats":{"minecraft:picked_up":{"minecraft:birch_log":12,"minecraft:crafting_table":4,"minecraft:feather":2,"minecraft:cooked_beef":5,"minecraft:chicken":4,"minecraft:andesite":2,"minecraft:leather":1,"minecraft:wooden_pickaxe":2,"minecraft:birch_planks":42,"minecraft:oak_log":121,"minecraft:dirt":70,"minecraft:raw_copper":4,"minecraft:cooked_mutton":2,"minecraft:wheat_seeds":6,"minecraft:stone_pickaxe":12,"minecraft:beef":6,"minecraft:cooked_chicken":1,"minecraft:oak_boat":1,"minecraft:iron_pickaxe":1,"minecraft:birch_sapling":1,"minecraft:oak_planks":4,"minecraft:furnace":1,"minecraft:dark_oak_sapling":2,"minecraft:stick":8,"minecraft:sweet_berries":23,"minecraft:torch":18,"minecraft:dripstone_block":1,"minecraft:gravel":2,"minecraft:porkchop":6,"minecraft:pointed_dripstone":9,"minecraft:spruce_sapling":3,"minecraft:spruce_log":1,"minecraft:dark_oak_log":18,"minecraft:stone_sword":3,"minecraft:arrow":2,"minecraft:rotten_flesh":2,"minecraft:spruce_boat":1,"minecraft:stone_axe":2,"minecraft:granite":3,"minecraft:oak_sapling":4,"minecraft:black_wool":1,"minecraft:mutton":12,"minecraft:coal":162,"minecraft:white_wool":8,"minecraft:cobblestone":316},"minecraft:used":{"minecraft:cooked_mutton":2,"minecraft:stone_sword":83,"minecraft:stone_pickaxe":115,"minecraft:wooden_pickaxe":8,"minecraft:torch":5,"minecraft:dirt":9,"minecraft:crafting_table":5,"minecraft:white_bed":1,"minecraft:stone_axe":88,"minecraft:cobblestone":44,"minecraft:sweet_berries":16,"minecraft:furnace":3,"minecraft:oak_sapling":4,"minecraft:andesite":2,"minecraft:oak_boat":3,"minecraft:cooked_beef":2},"minecraft:broken":{"minecraft:stone_pickaxe":1},"minecraft:dropped":{"minecraft:sweet_berries":6,"minecraft:stone_sword":2,"minecraft:cobblestone":1,"minecraft:dirt":17,"minecraft:torch":14,"minecraft:oak_boat":1,"minecraft:stone_pickaxe":5},"minecraft:killed_by":{"minecraft:player":4,"minecraft:skeleton":1,"minecraft:zombie":1},"minecraft:crafted":{"minecraft:cooked_beef":3,"minecraft:oak_planks":36,"minecraft:crafting_table":2,"minecraft:wooden_pickaxe":1,"minecraft:furnace":3,"minecraft:birch_planks":48,"minecraft:stone_axe":1,"minecraft:cooked_mutton":2,"minecraft:oak_boat":3,"minecraft:stick":20,"minecraft:stone_pickaxe":6,"minecraft:stone_sword":2,"minecraft:white_bed":1,"minecraft:torch":16},"minecraft:custom":{"minecraft:interact_with_furnace":13,"minecraft:mob_kills":11,"minecraft:interact_with_crafting_table":16,"minecraft:leave_game":5,"minecraft:time_since_death":1167,"minecraft:sleep_in_bed":2,"minecraft:time_since_rest":1190,"minecraft:sprint_one_cm":173062,"minecraft:damage_taken":2249,"minecraft:walk_one_cm":162491,"minecraft:drop":24,"minecraft:damage_dealt":2110,"minecraft:swim_one_cm":13428,"minecraft:fly_one_cm":120438,"minecraft:player_kills":3,"minecraft:open_chest":2,"minecraft:crouch_one_cm":2250,"minecraft:play_time":72136,"minecraft:deaths":7,"minecraft:sneak_time":1025,"minecraft:walk_under_water_one_cm":5445,"minecraft:boat_one_cm":112021,"minecraft:jump":1081,"minecraft:walk_on_water_one_cm":6108,"minecraft:total_world_time":72136,"minecraft:fall_one_cm":24916},"minecraft:mined":{"minecraft:dark_oak_leaves":53,"minecraft:dark_oak_log":7,"minecraft:crafting_table":4,"minecraft:granite":1,"minecraft:grass_block":7,"minecraft:tall_grass":6,"minecraft:copper_ore":1,"minecraft:spruce_leaves":6,"minecraft:wall_torch":3,"minecraft:tall_seagrass":1,"minecraft:furnace":2,"minecraft:birch_log":12,"minecraft:sweet_berry_bush":5,"minecraft:andesite":2,"minecraft:birch_leaves":1,"minecraft:grass":23,"minecraft:oak_log":50,"minecraft:pointed_dripstone":3,"minecraft:coal_ore":15,"minecraft:gravel":1,"minecraft:dirt":54,"minecraft:dripstone_block":3,"minecraft:stone":86,"minecraft:oak_leaves":3},"minecraft:killed":{"minecraft:pig":3,"minecraft:sheep":4,"minecraft:chicken":1,"minecraft:cow":2}},"DataVersion":3463}