{"stats":{"minecraft:picked_up":{"minecraft:birch_log":12,"minecraft:crafting_table":3,"minecraft:feather":2,"minecraft:chicken":1,"minecraft:andesite":2,"minecraft:leather":1,"minecraft:wooden_pickaxe":2,"minecraft:birch_planks":42,"minecraft:oak_log":117,"minecraft:dirt":47,"minecraft:raw_copper":4,"minecraft:stone_pickaxe":7,"minecraft:beef":6,"minecraft:oak_planks":1,"minecraft:stick":6,"minecraft:sweet_berries":14,"minecraft:torch":18,"minecraft:porkchop":6,"minecraft:spruce_sapling":1,"minecraft:spruce_log":1,"minecraft:stone_sword":2,"minecraft:stone_axe":1,"minecraft:granite":2,"minecraft:oak_sapling":4,"minecraft:mutton":8,"minecraft:coal":98,"minecraft:white_wool":6,"minecraft:cobblestone":211},"minecraft:used":{"minecraft:cooked_mutton":2,"minecraft:stone_sword":47,"minecraft:stone_pickaxe":101,"minecraft:wooden_pickaxe":8,"minecraft:torch":5,"minecraft:dirt":1,"minecraft:crafting_table":4,"minecraft:white_bed":1,"minecraft:stone_axe":67,"minecraft:cobblestone":11,"minecraft:furnace":3,"minecraft:oak_sapling":4,"minecraft:andesite":2,"minecraft:cooked_beef":2},"minecraft:dropped":{"minecraft:sweet_berries":6,"minecraft:stone_sword":2,"minecraft:dirt":17,"minecraft:torch":14,"minecraft:stone_pickaxe":5},"minecraft:killed_by":{"minecraft:zombie":1},"minecraft:crafted":{"minecraft:cooked_beef":3,"minecraft:oak_planks":20,"minecraft:crafting_table":1,"minecraft:wooden_pickaxe":1,"minecraft:furnace":3,"minecraft:birch_planks":48,"minecraft:stone_axe":1,"minecraft:cooked_mutton":2,"minecraft:stick":20,"minecraft:stone_pickaxe":6,"minecraft:stone_sword":2,"minecraft:white_bed":1,"minecraft:torch":16},"minecraft:custom":{"minecraft:interact_with_furnace":13,"minecraft:mob_kills":9,"minecraft:interact_with_crafting_table":14,"minecraft:leave_game":3,"minecraft:time_since_death":20415,"minecraft:sleep_in_bed":1,"minecraft:time_since_rest":5392,"minecraft:sprint_one_cm":106575,"minecraft:damage_taken":508,"minecraft:walk_one_cm":98007,"minecraft:drop":22,"minecraft:damage_dealt":976,"minecraft:fly_one_cm":48403,"minecraft:crouch_one_cm":1641,"minecraft:play_time":39135,"minecraft:deaths":1,"minecraft:sneak_time":687,"minecraft:walk_under_water_one_cm":87,"minecraft:jump":511,"minecraft:walk_on_water_one_cm":1458,"minecraft:total_world_time":39135,"minecraft:fall_one_cm":11341},"minecraft:mined":{"minecraft:crafting_table":4,"minecraft:granite":1,"minecraft:grass_block":7,"minecraft:copper_ore":1,"minecraft:spruce_leaves":6,"minecraft:wall_torch":3,"minecraft:tall_seagrass":1,"minecraft:furnace":2,"minecraft:birch_log":12,"minecraft:sweet_berry_bush":2,"minecraft:andesite":2,"minecraft:birch_leaves":1,"minecraft:grass":3,"minecraft:oak_log":46,"minecraft:coal_ore":15,"minecraft:dirt":20,"minecraft:stone":86,"minecraft:oak_leaves":3},"minecraft:killed":{"minecraft:pig":3,"minecraft:sheep":2,"minecraft:chicken":1,"minecraft:cow":2}},"DataVersion":3463}