{"stats":{"minecraft:picked_up":{"minecraft:oak_log":2,"minecraft:mutton":2,"minecraft:dirt":1,"minecraft:white_wool":1},"minecraft:custom":{"minecraft:jump":9,"minecraft:time_since_rest":5952,"minecraft:damage_dealt":89,"minecraft:leave_game":1,"minecraft:play_time":5952,"minecraft:sprint_one_cm":3491,"minecraft:damage_taken":15,"minecraft:time_since_death":5952,"minecraft:walk_one_cm":7252,"minecraft:total_world_time":5952,"minecraft:mob_kills":1,"minecraft:fall_one_cm":209,"minecraft:fly_one_cm":1264},"minecraft:mined":{"minecraft:oak_log":4,"minecraft:grass_block":1},"minecraft:killed":{"minecraft:sheep":1}},"DataVersion":3463}