{"stats":{"minecraft:picked_up":{"minecraft:birch_log":12,"minecraft:stick":3,"minecraft:crafting_table":2,"minecraft:andesite":1,"minecraft:torch":3,"minecraft:oak_log":57,"minecraft:dirt":16,"minecraft:raw_copper":2,"minecraft:granite":1,"minecraft:stone_pickaxe":1,"minecraft:oak_sapling":4,"minecraft:mutton":2,"minecraft:coal":33,"minecraft:white_wool":1,"minecraft:cobblestone":70},"minecraft:used":{"minecraft:stone_pickaxe":85,"minecraft:wooden_pickaxe":8,"minecraft:stone_axe":61,"minecraft:torch":3,"minecraft:dirt":1,"minecraft:crafting_table":2,"minecraft:oak_sapling":4,"minecraft:andesite":1},"minecraft:dropped":{"minecraft:stone_sword":1,"minecraft:torch":7,"minecraft:stone_pickaxe":3},"minecraft:crafted":{"minecraft:oak_planks":8,"minecraft:stick":20,"minecraft:wooden_pickaxe":1,"minecraft:stone_pickaxe":6,"minecraft:stone_sword":2,"minecraft:torch":16,"minecraft:birch_planks":48,"minecraft:stone_axe":1},"minecraft:custom":{"minecraft:time_since_rest":17952,"minecraft:sprint_one_cm":21436,"minecraft:damage_taken":24,"minecraft:walk_one_cm":34800,"minecraft:mob_kills":1,"minecraft:drop":11,"minecraft:damage_dealt":119,"minecraft:interact_with_crafting_table":9,"minecraft:fly_one_cm":4299,"minecraft:play_time":17952,"minecraft:jump":122,"minecraft:leave_game":1,"minecraft:time_since_death":17952,"minecraft:total_world_time":17952,"minecraft:fall_one_cm":418},"minecraft:mined":{"minecraft:birch_log":12,"minecraft:andesite":2,"minecraft:birch_leaves":1,"minecraft:crafting_table":3,"minecraft:granite":1,"minecraft:oak_log":46,"minecraft:grass_block":4,"minecraft:coal_ore":15,"minecraft:dirt":12,"minecraft:copper_ore":1,"minecraft:stone":72,"minecraft:oak_leaves":3,"minecraft:wall_torch":3},"minecraft:killed":{"minecraft:sheep":1}},"DataVersion":3463}