{"stats":{"minecraft:picked_up":{"minecraft:birch_log":12,"minecraft:crafting_table":3,"minecraft:feather":2,"minecraft:chicken":1,"minecraft:andesite":2,"minecraft:leather":1,"minecraft:wooden_pickaxe":2,"minecraft:birch_planks":42,"minecraft:oak_log":121,"minecraft:dirt":47,"minecraft:raw_copper":4,"minecraft:stone_pickaxe":7,"minecraft:beef":6,"minecraft:birch_sapling":1,"minecraft:oak_planks":1,"minecraft:stick":8,"minecraft:sweet_berries":14,"minecraft:torch":18,"minecraft:dripstone_block":1,"minecraft:porkchop":6,"minecraft:pointed_dripstone":9,"minecraft:spruce_sapling":1,"minecraft:spruce_log":1,"minecraft:dark_oak_log":7,"minecraft:stone_sword":2,"minecraft:stone_axe":1,"minecraft:granite":2,"minecraft:oak_sapling":4,"minecraft:mutton":12,"minecraft:coal":98,"minecraft:white_wool":8,"minecraft:cobblestone":211},"minecraft:used":{"minecraft:cooked_mutton":2,"minecraft:stone_sword":61,"minecraft:stone_pickaxe":107,"minecraft:wooden_pickaxe":8,"minecraft:torch":5,"minecraft:dirt":1,"minecraft:crafting_table":5,"minecraft:white_bed":1,"minecraft:stone_axe":71,"minecraft:cobblestone":24,"minecraft:sweet_berries":8,"minecraft:furnace":3,"minecraft:oak_sapling":4,"minecraft:andesite":2,"minecraft:oak_boat":2,"minecraft:cooked_beef":2},"minecraft:dropped":{"minecraft:sweet_berries":6,"minecraft:stone_sword":2,"minecraft:dirt":17,"minecraft:torch":14,"minecraft:stone_pickaxe":5},"minecraft:killed_by":{"minecraft:skeleton":1,"minecraft:zombie":1},"minecraft:crafted":{"minecraft:cooked_beef":3,"minecraft:oak_planks":36,"minecraft:crafting_table":2,"minecraft:wooden_pickaxe":1,"minecraft:furnace":3,"minecraft:birch_planks":48,"minecraft:stone_axe":1,"minecraft:cooked_mutton":2,"minecraft:oak_boat":3,"minecraft:stick":20,"minecraft:stone_pickaxe":6,"minecraft:stone_sword":2,"minecraft:white_bed":1,"minecraft:torch":16},"minecraft:custom":{"minecraft:interact_with_furnace":13,"minecraft:mob_kills":11,"minecraft:interact_with_crafting_table":16,"minecraft:leave_game":4,"minecraft:time_since_death":1087,"minecraft:sleep_in_bed":1,"minecraft:time_since_rest":1135,"minecraft:sprint_one_cm":137698,"minecraft:damage_taken":748,"minecraft:walk_one_cm":120647,"minecraft:drop":22,"minecraft:damage_dealt":1256,"minecraft:swim_one_cm":13428,"minecraft:fly_one_cm":68963,"minecraft:crouch_one_cm":2250,"minecraft:play_time":48482,"minecraft:deaths":2,"minecraft:sneak_time":1009,"minecraft:walk_under_water_one_cm":3650,"minecraft:boat_one_cm":276,"minecraft:jump":705,"minecraft:walk_on_water_one_cm":4465,"minecraft:total_world_time":48482,"minecraft:fall_one_cm":15552},"minecraft:mined":{"minecraft:dark_oak_leaves":53,"minecraft:dark_oak_log":7,"minecraft:crafting_table":4,"minecraft:granite":1,"minecraft:grass_block":7,"minecraft:copper_ore":1,"minecraft:spruce_leaves":6,"minecraft:wall_torch":3,"minecraft:tall_seagrass":1,"minecraft:furnace":2,"minecraft:birch_log":12,"minecraft:sweet_berry_bush":4,"minecraft:andesite":2,"minecraft:birch_leaves":1,"minecraft:grass":4,"minecraft:oak_log":50,"minecraft:pointed_dripstone":3,"minecraft:coal_ore":15,"minecraft:dirt":20,"minecraft:dripstone_block":3,"minecraft:stone":86,"minecraft:oak_leaves":3},"minecraft:killed":{"minecraft:pig":3,"minecraft:sheep":4,"minecraft:chicken":1,"minecraft:cow":2}},"DataVersion":3463}