{"stats":{"minecraft:picked_up":{"minecraft:birch_log":12,"minecraft:stick":4,"minecraft:crafting_table":3,"minecraft:sweet_berries":14,"minecraft:andesite":2,"minecraft:leather":1,"minecraft:torch":18,"minecraft:wooden_pickaxe":2,"minecraft:porkchop":3,"minecraft:birch_planks":42,"minecraft:oak_log":117,"minecraft:dirt":33,"minecraft:raw_copper":4,"minecraft:stone_sword":2,"minecraft:stone_axe":1,"minecraft:beef":6,"minecraft:granite":2,"minecraft:stone_pickaxe":7,"minecraft:oak_sapling":4,"minecraft:oak_planks":1,"minecraft:mutton":8,"minecraft:coal":97,"minecraft:white_wool":6,"minecraft:cobblestone":173},"minecraft:used":{"minecraft:stone_sword":30,"minecraft:stone_pickaxe":88,"minecraft:wooden_pickaxe":8,"minecraft:stone_axe":67,"minecraft:torch":5,"minecraft:dirt":1,"minecraft:cobblestone":7,"minecraft:crafting_table":3,"minecraft:furnace":2,"minecraft:oak_sapling":4,"minecraft:andesite":2,"minecraft:cooked_beef":2},"minecraft:dropped":{"minecraft:dirt":17,"minecraft:stone_sword":2,"minecraft:torch":14,"minecraft:stone_pickaxe":5},"minecraft:killed_by":{"minecraft:zombie":1},"minecraft:crafted":{"minecraft:cooked_beef":3,"minecraft:oak_planks":8,"minecraft:stick":20,"minecraft:wooden_pickaxe":1,"minecraft:stone_pickaxe":6,"minecraft:stone_sword":2,"minecraft:furnace":2,"minecraft:torch":16,"minecraft:birch_planks":48,"minecraft:stone_axe":1,"minecraft:cooked_mutton":2},"minecraft:custom":{"minecraft:time_since_rest":11261,"minecraft:interact_with_furnace":10,"minecraft:sprint_one_cm":90105,"minecraft:damage_taken":378,"minecraft:walk_one_cm":69205,"minecraft:mob_kills":7,"minecraft:drop":16,"minecraft:damage_dealt":722,"minecraft:interact_with_crafting_table":10,"minecraft:fly_one_cm":31153,"minecraft:crouch_one_cm":919,"minecraft:play_time":29952,"minecraft:deaths":1,"minecraft:sneak_time":484,"minecraft:jump":334,"minecraft:leave_game":1,"minecraft:walk_on_water_one_cm":443,"minecraft:time_since_death":11232,"minecraft:total_world_time":29952,"minecraft:fall_one_cm":4635},"minecraft:mined":{"minecraft:tall_seagrass":1,"minecraft:furnace":2,"minecraft:birch_log":12,"minecraft:sweet_berry_bush":2,"minecraft:andesite":2,"minecraft:birch_leaves":1,"minecraft:crafting_table":4,"minecraft:granite":1,"minecraft:grass":3,"minecraft:oak_log":46,"minecraft:grass_block":4,"minecraft:coal_ore":15,"minecraft:dirt":12,"minecraft:copper_ore":1,"minecraft:stone":73,"minecraft:oak_leaves":3,"minecraft:wall_torch":3},"minecraft:killed":{"minecraft:sheep":2,"minecraft:pig":2,"minecraft:cow":2}},"DataVersion":3463}