{"stats":{"minecraft:picked_up":{"minecraft:birch_log":33,"minecraft:cooked_beef":5,"minecraft:crafting_table":9,"minecraft:feather":9,"minecraft:chicken":7,"minecraft:andesite":1,"minecraft:leather":4,"minecraft:wooden_pickaxe":2,"minecraft:birch_planks":43,"minecraft:oak_log":79,"minecraft:lapis_lazuli":16,"minecraft:dirt":84,"minecraft:cooked_mutton":2,"minecraft:wheat_seeds":1,"minecraft:spruce_planks":3,"minecraft:beef":9,"minecraft:iron_ingot":9,"minecraft:stone_pickaxe":7,"minecraft:cooked_chicken":2,"minecraft:iron_pickaxe":1,"minecraft:light_gray_wool":1,"minecraft:sugar_cane":6,"minecraft:birch_sapling":6,"minecraft:oak_planks":29,"minecraft:egg":2,"minecraft:furnace":12,"minecraft:dark_oak_sapling":2,"minecraft:stick":7,"minecraft:raw_iron":19,"minecraft:cooked_porkchop":7,"minecraft:sweet_berries":13,"minecraft:torch":13,"minecraft:porkchop":47,"minecraft:spruce_sapling":2,"minecraft:pointed_dripstone":9,"minecraft:white_bed":2,"minecraft:diorite":5,"minecraft:spruce_log":4,"minecraft:dark_oak_log":11,"minecraft:stone_sword":3,"minecraft:rotten_flesh":2,"minecraft:spruce_boat":2,"minecraft:stone_axe":3,"minecraft:granite":7,"minecraft:gray_wool":2,"minecraft:oak_sapling":1,"minecraft:black_wool":1,"minecraft:mutton":23,"minecraft:coal":143,"minecraft:white_wool":15,"minecraft:cobblestone":157},"minecraft:used":{"minecraft:water_bucket":22,"minecraft:diorite":5,"minecraft:stone_sword":83,"minecraft:birch_planks":4,"minecraft:stone_pickaxe":116,"minecraft:chest":1,"minecraft:shield":4,"minecraft:spruce_planks":2,"minecraft:wooden_pickaxe":4,"minecraft:cooked_chicken":3,"minecraft:torch":7,"minecraft:dirt":23,"minecraft:crafting_table":11,"minecraft:white_bed":3,"minecraft:granite":6,"minecraft:spruce_boat":2,"minecraft:lava_bucket":11,"minecraft:iron_pickaxe":78,"minecraft:stone_axe":72,"minecraft:cobblestone":64,"minecraft:furnace":12,"minecraft:cooked_porkchop":7,"minecraft:bucket":34,"minecraft:birch_log":2,"minecraft:andesite":1,"minecraft:cooked_beef":3},"minecraft:dropped":{"minecraft:furnace":1,"minecraft:sugar_cane":1,"minecraft:stone_axe":3,"minecraft:sweet_berries":4,"minecraft:birch_planks":8,"minecraft:cooked_chicken":1,"minecraft:cooked_beef":2,"minecraft:oak_log":16,"minecraft:stone_sword":2,"minecraft:dark_oak_sapling":2,"minecraft:cooked_porkchop":1,"minecraft:birch_sapling":1,"minecraft:chicken":1,"minecraft:feather":8,"minecraft:cobblestone":64,"minecraft:oak_planks":26,"minecraft:granite":1,"minecraft:coal":9,"minecraft:stick":7,"minecraft:dirt":4,"minecraft:dark_oak_log":11,"minecraft:oak_sapling":1,"minecraft:stone_pickaxe":7,"minecraft:wooden_pickaxe":3,"minecraft:iron_pickaxe":1,"minecraft:egg":2},"minecraft:crafted":{"minecraft:cooked_beef":4,"minecraft:oak_planks":24,"minecraft:cooked_porkchop":16,"minecraft:crafting_table":3,"minecraft:spruce_planks":16,"minecraft:wooden_pickaxe":1,"minecraft:cooked_chicken":2,"minecraft:furnace":2,"minecraft:bucket":1,"minecraft:birch_planks":20,"minecraft:stone_axe":1,"minecraft:air":0,"minecraft:shield":1,"minecraft:stick":20,"minecraft:iron_ingot":9,"minecraft:iron_pickaxe":2,"minecraft:stone_pickaxe":1,"minecraft:stone_sword":1,"minecraft:chest":1,"minecraft:white_bed":1,"minecraft:spruce_boat":1,"minecraft:torch":36},"minecraft:custom":{"minecraft:interact_with_furnace":47,"minecraft:mob_kills":43,"minecraft:interact_with_crafting_table":20,"minecraft:leave_game":4,"minecraft:time_since_death":55237,"minecraft:sleep_in_bed":6,"minecraft:time_since_rest":0,"minecraft:sprint_one_cm":205411,"minecraft:damage_taken":1007,"minecraft:walk_one_cm":97515,"minecraft:damage_blocked_by_shield":255,"minecraft:drop":45,"minecraft:damage_dealt":4326,"minecraft:swim_one_cm":17289,"minecraft:player_kills":2,"minecraft:fly_one_cm":217915,"minecraft:open_chest":10,"minecraft:crouch_one_cm":6264,"minecraft:play_time":63203,"minecraft:deaths":1,"minecraft:sneak_time":4642,"minecraft:walk_under_water_one_cm":8357,"minecraft:boat_one_cm":177063,"minecraft:jump":1355,"minecraft:walk_on_water_one_cm":8949,"minecraft:total_world_time":63203,"minecraft:fall_one_cm":34551},"minecraft:mined":{"minecraft:white_bed":2,"minecraft:dark_oak_leaves":23,"minecraft:dark_oak_log":4,"minecraft:crafting_table":8,"minecraft:granite":6,"minecraft:grass_block":10,"minecraft:tall_grass":1,"minecraft:cobblestone":6,"minecraft:spruce_leaves":11,"minecraft:lapis_ore":2,"minecraft:sugar_cane":2,"minecraft:diorite":5,"minecraft:large_fern":1,"minecraft:furnace":9,"minecraft:birch_log":33,"minecraft:iron_ore":18,"minecraft:spruce_log":5,"minecraft:birch_leaves":2,"minecraft:andesite":6,"minecraft:grass":6,"minecraft:oak_log":7,"minecraft:coal_ore":48,"minecraft:dirt":18,"minecraft:stone":92,"minecraft:oak_leaves":7},"minecraft:killed":{"minecraft:pig":15,"minecraft:creeper":1,"minecraft:skeleton":2,"minecraft:sheep":15,"minecraft:zombie":1,"minecraft:chicken":5,"minecraft:cow":4}},"DataVersion":3463}