{"stats":{"minecraft:picked_up":{"minecraft:crafting_table":2,"minecraft:oak_log":22,"minecraft:dirt":8,"minecraft:cobblestone":16},"minecraft:used":{"minecraft:stone_axe":5,"minecraft:dirt":6,"minecraft:cobblestone":1,"minecraft:crafting_table":3,"minecraft:stone_pickaxe":12,"minecraft:wooden_pickaxe":4},"minecraft:dropped":{"minecraft:oak_log":16},"minecraft:crafted":{"minecraft:stone_sword":1,"minecraft:oak_planks":24,"minecraft:stone_axe":1,"minecraft:crafting_table":1,"minecraft:stick":8,"minecraft:stone_pickaxe":1,"minecraft:wooden_pickaxe":1},"minecraft:custom":{"minecraft:time_since_rest":6497,"minecraft:crouch_one_cm":167,"minecraft:play_time":6497,"minecraft:sprint_one_cm":14671,"minecraft:damage_taken":173,"minecraft:walk_one_cm":11958,"minecraft:sneak_time":185,"minecraft:drop":2,"minecraft:jump":79,"minecraft:damage_dealt":484,"minecraft:walk_on_water_one_cm":373,"minecraft:leave_game":4,"minecraft:time_since_death":6497,"minecraft:total_world_time":6497,"minecraft:interact_with_crafting_table":7,"minecraft:fall_one_cm":1927,"minecraft:fly_one_cm":11522,"minecraft:player_kills":2},"minecraft:mined":{"minecraft:grass":2,"minecraft:grass_block":2,"minecraft:oak_log":7,"minecraft:dirt":5,"minecraft:stone":16,"minecraft:oak_leaves":2,"minecraft:crafting_table":2}},"DataVersion":3463}