{"stats":{"minecraft:picked_up":{"minecraft:birch_log":7,"minecraft:crafting_table":6,"minecraft:feather":3,"minecraft:chicken":3,"minecraft:andesite":1,"minecraft:leather":3,"minecraft:wooden_pickaxe":1,"minecraft:birch_planks":8,"minecraft:oak_log":22,"minecraft:lapis_lazuli":16,"minecraft:dirt":32,"minecraft:beef":4,"minecraft:iron_ingot":5,"minecraft:stone_pickaxe":2,"minecraft:cooked_chicken":1,"minecraft:sugar_cane":5,"minecraft:oak_planks":26,"minecraft:egg":2,"minecraft:furnace":6,"minecraft:stick":3,"minecraft:raw_iron":19,"minecraft:sweet_berries":4,"minecraft:porkchop":27,"minecraft:white_bed":1,"minecraft:diorite":5,"minecraft:spruce_log":4,"minecraft:stone_sword":2,"minecraft:stone_axe":2,"minecraft:granite":6,"minecraft:oak_sapling":1,"minecraft:coal":71,"minecraft:cobblestone":94},"minecraft:used":{"minecraft:water_bucket":9,"minecraft:diorite":5,"minecraft:stone_sword":41,"minecraft:birch_planks":4,"minecraft:stone_pickaxe":116,"minecraft:spruce_planks":2,"minecraft:wooden_pickaxe":4,"minecraft:cooked_chicken":2,"minecraft:torch":7,"minecraft:dirt":23,"minecraft:crafting_table":6,"minecraft:granite":6,"minecraft:lava_bucket":11,"minecraft:iron_pickaxe":75,"minecraft:stone_axe":20,"minecraft:cobblestone":50,"minecraft:furnace":6,"minecraft:cooked_porkchop":3,"minecraft:bucket":21,"minecraft:birch_log":2,"minecraft:andesite":1,"minecraft:cooked_beef":3},"minecraft:dropped":{"minecraft:stone_axe":2,"minecraft:sweet_berries":2,"minecraft:birch_planks":8,"minecraft:cooked_beef":1,"minecraft:oak_log":16,"minecraft:stone_sword":2,"minecraft:cooked_porkchop":1,"minecraft:oak_planks":26,"minecraft:coal":9,"minecraft:stick":2,"minecraft:dirt":4,"minecraft:oak_sapling":1,"minecraft:stone_pickaxe":3,"minecraft:wooden_pickaxe":2,"minecraft:iron_pickaxe":1},"minecraft:crafted":{"minecraft:cooked_beef":4,"minecraft:oak_planks":24,"minecraft:cooked_porkchop":10,"minecraft:crafting_table":2,"minecraft:spruce_planks":16,"minecraft:wooden_pickaxe":1,"minecraft:cooked_chicken":2,"minecraft:furnace":1,"minecraft:bucket":1,"minecraft:birch_planks":20,"minecraft:stone_axe":1,"minecraft:air":0,"minecraft:stick":20,"minecraft:iron_ingot":5,"minecraft:iron_pickaxe":2,"minecraft:stone_pickaxe":1,"minecraft:stone_sword":1,"minecraft:torch":36},"minecraft:custom":{"minecraft:interact_with_furnace":34,"minecraft:mob_kills":16,"minecraft:interact_with_crafting_table":13,"minecraft:leave_game":4,"minecraft:time_since_death":31237,"minecraft:sleep_in_bed":2,"minecraft:time_since_rest":4796,"minecraft:sprint_one_cm":143607,"minecraft:damage_taken":678,"minecraft:walk_one_cm":69248,"minecraft:drop":25,"minecraft:damage_dealt":1974,"minecraft:swim_one_cm":14925,"minecraft:player_kills":2,"minecraft:fly_one_cm":144757,"minecraft:crouch_one_cm":5423,"minecraft:play_time":39203,"minecraft:deaths":1,"minecraft:sneak_time":4375,"minecraft:walk_under_water_one_cm":3893,"minecraft:jump":869,"minecraft:walk_on_water_one_cm":6946,"minecraft:total_world_time":39203,"minecraft:fall_one_cm":21393},"minecraft:mined":{"minecraft:white_bed":1,"minecraft:crafting_table":6,"minecraft:granite":6,"minecraft:grass_block":10,"minecraft:cobblestone":6,"minecraft:spruce_leaves":11,"minecraft:lapis_ore":2,"minecraft:sugar_cane":2,"minecraft:diorite":5,"minecraft:large_fern":1,"minecraft:furnace":6,"minecraft:birch_log":7,"minecraft:iron_ore":18,"minecraft:spruce_log":5,"minecraft:birch_leaves":2,"minecraft:andesite":6,"minecraft:grass":4,"minecraft:oak_log":7,"minecraft:coal_ore":48,"minecraft:dirt":18,"minecraft:stone":92,"minecraft:oak_leaves":7},"minecraft:killed":{"minecraft:pig":9,"minecraft:creeper":1,"minecraft:zombie":1,"minecraft:chicken":3,"minecraft:cow":2}},"DataVersion":3463}