{"stats":{"minecraft:picked_up":{"minecraft:birch_log":7,"minecraft:raw_iron":17,"minecraft:stick":2,"minecraft:crafting_table":2,"minecraft:wooden_pickaxe":1,"minecraft:birch_planks":8,"minecraft:oak_log":22,"minecraft:diorite":5,"minecraft:lapis_lazuli":16,"minecraft:dirt":16,"minecraft:stone_sword":2,"minecraft:stone_axe":2,"minecraft:stone_pickaxe":2,"minecraft:oak_sapling":1,"minecraft:oak_planks":26,"minecraft:coal":35,"minecraft:cobblestone":69},"minecraft:used":{"minecraft:diorite":5,"minecraft:stone_pickaxe":116,"minecraft:iron_pickaxe":8,"minecraft:wooden_pickaxe":4,"minecraft:torch":5,"minecraft:stone_axe":11,"minecraft:dirt":12,"minecraft:cobblestone":8,"minecraft:crafting_table":4,"minecraft:furnace":1,"minecraft:birch_log":2},"minecraft:dropped":{"minecraft:dirt":4,"minecraft:stone_axe":2,"minecraft:birch_planks":8,"minecraft:oak_log":16,"minecraft:stone_sword":2,"minecraft:oak_sapling":1,"minecraft:oak_planks":26,"minecraft:wooden_pickaxe":1,"minecraft:stone_pickaxe":3,"minecraft:stick":2},"minecraft:crafted":{"minecraft:oak_planks":24,"minecraft:crafting_table":2,"minecraft:stick":20,"minecraft:iron_pickaxe":1,"minecraft:iron_ingot":5,"minecraft:wooden_pickaxe":1,"minecraft:stone_pickaxe":1,"minecraft:furnace":1,"minecraft:stone_sword":1,"minecraft:torch":36,"minecraft:birch_planks":20,"minecraft:stone_axe":1,"minecraft:air":0},"minecraft:custom":{"minecraft:time_since_rest":7265,"minecraft:interact_with_furnace":6,"minecraft:sprint_one_cm":32347,"minecraft:damage_taken":273,"minecraft:walk_one_cm":22146,"minecraft:drop":19,"minecraft:damage_dealt":484,"minecraft:swim_one_cm":3561,"minecraft:interact_with_crafting_table":9,"minecraft:fly_one_cm":29114,"minecraft:player_kills":2,"minecraft:crouch_one_cm":2892,"minecraft:play_time":15203,"minecraft:deaths":1,"minecraft:sneak_time":3035,"minecraft:walk_under_water_one_cm":97,"minecraft:jump":205,"minecraft:leave_game":4,"minecraft:walk_on_water_one_cm":619,"minecraft:time_since_death":7237,"minecraft:total_world_time":15203,"minecraft:fall_one_cm":7226},"minecraft:mined":{"minecraft:iron_ore":17,"minecraft:birch_log":7,"minecraft:birch_leaves":2,"minecraft:crafting_table":2,"minecraft:grass":2,"minecraft:coal_ore":35,"minecraft:grass_block":3,"minecraft:oak_log":7,"minecraft:dirt":8,"minecraft:lapis_ore":2,"minecraft:stone":69,"minecraft:diorite":5,"minecraft:oak_leaves":7}},"DataVersion":3463}