{"stats":{"minecraft:picked_up":{"minecraft:birch_log":33,"minecraft:cooked_beef":6,"minecraft:crafting_table":9,"minecraft:feather":9,"minecraft:chicken":7,"minecraft:andesite":1,"minecraft:leather":4,"minecraft:wooden_pickaxe":2,"minecraft:birch_planks":43,"minecraft:oak_log":79,"minecraft:lapis_lazuli":16,"minecraft:dirt":111,"minecraft:cooked_mutton":2,"minecraft:wheat_seeds":8,"minecraft:spruce_planks":3,"minecraft:beef":11,"minecraft:iron_ingot":9,"minecraft:stone_pickaxe":7,"minecraft:cooked_chicken":3,"minecraft:oak_boat":2,"minecraft:iron_pickaxe":1,"minecraft:light_gray_wool":1,"minecraft:sugar_cane":6,"minecraft:birch_sapling":6,"minecraft:oak_planks":39,"minecraft:egg":2,"minecraft:furnace":16,"minecraft:dark_oak_sapling":4,"minecraft:stick":7,"minecraft:raw_iron":19,"minecraft:cooked_porkchop":7,"minecraft:sweet_berries":13,"minecraft:torch":13,"minecraft:porkchop":51,"minecraft:spruce_sapling":2,"minecraft:pointed_dripstone":9,"minecraft:white_bed":2,"minecraft:diorite":5,"minecraft:spruce_log":4,"minecraft:dark_oak_log":22,"minecraft:stone_sword":3,"minecraft:rotten_flesh":2,"minecraft:spruce_boat":2,"minecraft:stone_axe":3,"minecraft:granite":7,"minecraft:gray_wool":2,"minecraft:oak_sapling":1,"minecraft:black_wool":1,"minecraft:mutton":31,"minecraft:coal":143,"minecraft:white_wool":16,"minecraft:cobblestone":224},"minecraft:used":{"minecraft:water_bucket":32,"minecraft:diorite":5,"minecraft:stone_sword":90,"minecraft:birch_planks":4,"minecraft:stone_pickaxe":116,"minecraft:chest":1,"minecraft:shield":13,"minecraft:spruce_planks":2,"minecraft:wooden_pickaxe":4,"minecraft:cooked_chicken":3,"minecraft:torch":7,"minecraft:dirt":69,"minecraft:crafting_table":11,"minecraft:white_bed":3,"minecraft:granite":6,"minecraft:spruce_boat":2,"minecraft:lava_bucket":11,"minecraft:iron_pickaxe":87,"minecraft:stone_axe":84,"minecraft:light_gray_wool":1,"minecraft:cobblestone":100,"minecraft:furnace":12,"minecraft:cooked_porkchop":11,"minecraft:bucket":44,"minecraft:birch_log":2,"minecraft:andesite":1,"minecraft:cooked_beef":5,"minecraft:gray_wool":2},"minecraft:dropped":{"minecraft:furnace":1,"minecraft:sugar_cane":1,"minecraft:stone_axe":3,"minecraft:sweet_berries":4,"minecraft:birch_planks":8,"minecraft:wheat_seeds":7,"minecraft:cooked_chicken":1,"minecraft:cooked_beef":2,"minecraft:oak_log":16,"minecraft:stone_sword":2,"minecraft:dark_oak_sapling":4,"minecraft:cooked_porkchop":1,"minecraft:birch_sapling":1,"minecraft:chicken":1,"minecraft:feather":8,"minecraft:cobblestone":92,"minecraft:oak_planks":26,"minecraft:leather":4,"minecraft:granite":1,"minecraft:coal":9,"minecraft:stick":7,"minecraft:dirt":4,"minecraft:dark_oak_log":11,"minecraft:oak_boat":1,"minecraft:oak_sapling":1,"minecraft:stone_pickaxe":7,"minecraft:wooden_pickaxe":3,"minecraft:iron_pickaxe":1,"minecraft:egg":2},"minecraft:crafted":{"minecraft:cooked_beef":7,"minecraft:oak_planks":24,"minecraft:cooked_porkchop":30,"minecraft:crafting_table":3,"minecraft:spruce_planks":16,"minecraft:wooden_pickaxe":1,"minecraft:cooked_chicken":2,"minecraft:furnace":2,"minecraft:bucket":1,"minecraft:birch_planks":20,"minecraft:stone_axe":1,"minecraft:cooked_mutton":16,"minecraft:air":0,"minecraft:shield":1,"minecraft:stick":20,"minecraft:iron_ingot":9,"minecraft:iron_pickaxe":2,"minecraft:stone_pickaxe":1,"minecraft:stone_sword":1,"minecraft:chest":1,"minecraft:white_bed":1,"minecraft:spruce_boat":1,"minecraft:torch":36},"minecraft:custom":{"minecraft:interact_with_furnace":50,"minecraft:mob_kills":46,"minecraft:interact_with_crafting_table":20,"minecraft:leave_game":4,"minecraft:time_since_death":67237,"minecraft:sleep_in_bed":6,"minecraft:time_since_rest":11976,"minecraft:sprint_one_cm":229526,"minecraft:damage_taken":1579,"minecraft:walk_one_cm":116784,"minecraft:damage_blocked_by_shield":346,"minecraft:drop":54,"minecraft:damage_dealt":5608,"minecraft:swim_one_cm":17289,"minecraft:player_kills":9,"minecraft:fly_one_cm":268443,"minecraft:open_chest":10,"minecraft:crouch_one_cm":11777,"minecraft:play_time":75203,"minecraft:deaths":1,"minecraft:sneak_time":8516,"minecraft:walk_under_water_one_cm":8357,"minecraft:boat_one_cm":177063,"minecraft:jump":1679,"minecraft:walk_on_water_one_cm":10189,"minecraft:total_world_time":75203,"minecraft:fall_one_cm":41050},"minecraft:mined":{"minecraft:white_bed":2,"minecraft:dark_oak_leaves":23,"minecraft:dark_oak_log":4,"minecraft:crafting_table":8,"minecraft:granite":6,"minecraft:grass_block":10,"minecraft:tall_grass":1,"minecraft:cobblestone":12,"minecraft:spruce_leaves":11,"minecraft:lapis_ore":2,"minecraft:sugar_cane":2,"minecraft:diorite":5,"minecraft:large_fern":1,"minecraft:furnace":12,"minecraft:birch_log":33,"minecraft:iron_ore":18,"minecraft:sweet_berry_bush":1,"minecraft:spruce_log":5,"minecraft:birch_leaves":2,"minecraft:andesite":6,"minecraft:grass":11,"minecraft:oak_log":7,"minecraft:coal_ore":48,"minecraft:dirt":19,"minecraft:stone":92,"minecraft:oak_leaves":7},"minecraft:killed":{"minecraft:pig":17,"minecraft:creeper":1,"minecraft:skeleton":2,"minecraft:sheep":16,"minecraft:zombie":1,"minecraft:chicken":5,"minecraft:cow":4}},"DataVersion":3463}