{"stats":{"minecraft:picked_up":{"minecraft:birch_log":33,"minecraft:crafting_table":8,"minecraft:feather":8,"minecraft:chicken":5,"minecraft:andesite":1,"minecraft:leather":3,"minecraft:wooden_pickaxe":2,"minecraft:birch_planks":43,"minecraft:oak_log":79,"minecraft:lapis_lazuli":16,"minecraft:dirt":61,"minecraft:spruce_planks":3,"minecraft:beef":4,"minecraft:iron_ingot":9,"minecraft:stone_pickaxe":5,"minecraft:cooked_chicken":2,"minecraft:sugar_cane":6,"minecraft:birch_sapling":1,"minecraft:oak_planks":26,"minecraft:egg":2,"minecraft:furnace":8,"minecraft:dark_oak_sapling":2,"minecraft:stick":7,"minecraft:raw_iron":19,"minecraft:sweet_berries":4,"minecraft:torch":6,"minecraft:porkchop":33,"minecraft:pointed_dripstone":9,"minecraft:white_bed":2,"minecraft:diorite":5,"minecraft:spruce_log":4,"minecraft:dark_oak_log":4,"minecraft:stone_sword":2,"minecraft:spruce_boat":1,"minecraft:stone_axe":3,"minecraft:granite":6,"minecraft:oak_sapling":1,"minecraft:mutton":1,"minecraft:coal":72,"minecraft:white_wool":4,"minecraft:cobblestone":94},"minecraft:used":{"minecraft:water_bucket":12,"minecraft:diorite":5,"minecraft:stone_sword":80,"minecraft:birch_planks":4,"minecraft:stone_pickaxe":116,"minecraft:shield":4,"minecraft:spruce_planks":2,"minecraft:wooden_pickaxe":4,"minecraft:cooked_chicken":3,"minecraft:torch":7,"minecraft:dirt":23,"minecraft:crafting_table":9,"minecraft:white_bed":1,"minecraft:granite":6,"minecraft:spruce_boat":2,"minecraft:lava_bucket":11,"minecraft:iron_pickaxe":77,"minecraft:stone_axe":52,"minecraft:cobblestone":60,"minecraft:furnace":8,"minecraft:cooked_porkchop":5,"minecraft:bucket":24,"minecraft:birch_log":2,"minecraft:andesite":1,"minecraft:cooked_beef":3},"minecraft:dropped":{"minecraft:sugar_cane":1,"minecraft:stone_axe":2,"minecraft:sweet_berries":2,"minecraft:birch_planks":8,"minecraft:cooked_beef":1,"minecraft:oak_log":16,"minecraft:stone_sword":2,"minecraft:cooked_porkchop":1,"minecraft:birch_sapling":1,"minecraft:oak_planks":26,"minecraft:coal":9,"minecraft:stick":2,"minecraft:dirt":4,"minecraft:oak_sapling":1,"minecraft:stone_pickaxe":3,"minecraft:wooden_pickaxe":2,"minecraft:iron_pickaxe":1},"minecraft:crafted":{"minecraft:cooked_beef":4,"minecraft:oak_planks":24,"minecraft:cooked_porkchop":16,"minecraft:crafting_table":2,"minecraft:spruce_planks":16,"minecraft:wooden_pickaxe":1,"minecraft:cooked_chicken":2,"minecraft:furnace":2,"minecraft:bucket":1,"minecraft:birch_planks":20,"minecraft:stone_axe":1,"minecraft:air":0,"minecraft:shield":1,"minecraft:stick":20,"minecraft:iron_ingot":9,"minecraft:iron_pickaxe":2,"minecraft:stone_pickaxe":1,"minecraft:stone_sword":1,"minecraft:spruce_boat":1,"minecraft:torch":36},"minecraft:custom":{"minecraft:interact_with_furnace":41,"minecraft:mob_kills":24,"minecraft:interact_with_crafting_table":17,"minecraft:leave_game":4,"minecraft:time_since_death":43237,"minecraft:sleep_in_bed":3,"minecraft:time_since_rest":1989,"minecraft:sprint_one_cm":187108,"minecraft:damage_taken":947,"minecraft:walk_one_cm":85784,"minecraft:damage_blocked_by_shield":255,"minecraft:drop":27,"minecraft:damage_dealt":2706,"minecraft:swim_one_cm":15608,"minecraft:player_kills":2,"minecraft:fly_one_cm":182080,"minecraft:crouch_one_cm":5818,"minecraft:play_time":51203,"minecraft:deaths":1,"minecraft:sneak_time":4494,"minecraft:walk_under_water_one_cm":5157,"minecraft:boat_one_cm":30254,"minecraft:jump":1132,"minecraft:walk_on_water_one_cm":7850,"minecraft:total_world_time":51203,"minecraft:fall_one_cm":28614},"minecraft:mined":{"minecraft:white_bed":2,"minecraft:dark_oak_leaves":23,"minecraft:dark_oak_log":4,"minecraft:crafting_table":8,"minecraft:granite":6,"minecraft:grass_block":10,"minecraft:cobblestone":6,"minecraft:spruce_leaves":11,"minecraft:lapis_ore":2,"minecraft:sugar_cane":2,"minecraft:diorite":5,"minecraft:large_fern":1,"minecraft:furnace":8,"minecraft:birch_log":33,"minecraft:iron_ore":18,"minecraft:spruce_log":5,"minecraft:birch_leaves":2,"minecraft:andesite":6,"minecraft:grass":4,"minecraft:oak_log":7,"minecraft:coal_ore":48,"minecraft:dirt":18,"minecraft:stone":92,"minecraft:oak_leaves":7},"minecraft:killed":{"minecraft:pig":12,"minecraft:creeper":1,"minecraft:skeleton":2,"minecraft:sheep":1,"minecraft:zombie":1,"minecraft:chicken":5,"minecraft:cow":2}},"DataVersion":3463}