{"stats":{"minecraft:picked_up":{"minecraft:birch_log":7,"minecraft:crafting_table":5,"minecraft:feather":1,"minecraft:chicken":2,"minecraft:andesite":1,"minecraft:leather":3,"minecraft:wooden_pickaxe":1,"minecraft:birch_planks":8,"minecraft:oak_log":22,"minecraft:lapis_lazuli":16,"minecraft:dirt":20,"minecraft:beef":4,"minecraft:iron_ingot":5,"minecraft:stone_pickaxe":2,"minecraft:sugar_cane":5,"minecraft:oak_planks":26,"minecraft:egg":2,"minecraft:furnace":4,"minecraft:stick":2,"minecraft:raw_iron":19,"minecraft:sweet_berries":4,"minecraft:porkchop":21,"minecraft:diorite":5,"minecraft:stone_sword":2,"minecraft:stone_axe":2,"minecraft:granite":6,"minecraft:oak_sapling":1,"minecraft:coal":71,"minecraft:cobblestone":85},"minecraft:used":{"minecraft:diorite":5,"minecraft:stone_sword":31,"minecraft:stone_pickaxe":116,"minecraft:wooden_pickaxe":4,"minecraft:cooked_chicken":2,"minecraft:torch":7,"minecraft:dirt":16,"minecraft:crafting_table":6,"minecraft:granite":6,"minecraft:iron_pickaxe":58,"minecraft:stone_axe":14,"minecraft:cobblestone":32,"minecraft:furnace":4,"minecraft:bucket":1,"minecraft:birch_log":2,"minecraft:andesite":1,"minecraft:cooked_beef":3},"minecraft:dropped":{"minecraft:stone_axe":2,"minecraft:sweet_berries":2,"minecraft:birch_planks":8,"minecraft:oak_log":16,"minecraft:stone_sword":2,"minecraft:oak_planks":26,"minecraft:coal":9,"minecraft:stick":2,"minecraft:dirt":4,"minecraft:oak_sapling":1,"minecraft:stone_pickaxe":3,"minecraft:wooden_pickaxe":2,"minecraft:iron_pickaxe":1},"minecraft:crafted":{"minecraft:cooked_beef":4,"minecraft:oak_planks":24,"minecraft:cooked_porkchop":4,"minecraft:crafting_table":2,"minecraft:wooden_pickaxe":1,"minecraft:cooked_chicken":2,"minecraft:furnace":1,"minecraft:bucket":1,"minecraft:birch_planks":20,"minecraft:stone_axe":1,"minecraft:air":0,"minecraft:stick":20,"minecraft:iron_ingot":5,"minecraft:iron_pickaxe":2,"minecraft:stone_pickaxe":1,"minecraft:stone_sword":1,"minecraft:torch":36},"minecraft:custom":{"minecraft:interact_with_furnace":25,"minecraft:mob_kills":13,"minecraft:interact_with_crafting_table":12,"minecraft:leave_game":4,"minecraft:time_since_death":19237,"minecraft:time_since_rest":19265,"minecraft:sprint_one_cm":92566,"minecraft:damage_taken":488,"minecraft:walk_one_cm":38971,"minecraft:drop":23,"minecraft:damage_dealt":1684,"minecraft:swim_one_cm":14925,"minecraft:player_kills":2,"minecraft:fly_one_cm":103601,"minecraft:crouch_one_cm":3561,"minecraft:play_time":27203,"minecraft:deaths":1,"minecraft:sneak_time":3641,"minecraft:walk_under_water_one_cm":3009,"minecraft:jump":607,"minecraft:walk_on_water_one_cm":4003,"minecraft:total_world_time":27203,"minecraft:fall_one_cm":16179},"minecraft:mined":{"minecraft:crafting_table":5,"minecraft:granite":6,"minecraft:grass_block":4,"minecraft:spruce_leaves":6,"minecraft:lapis_ore":2,"minecraft:sugar_cane":2,"minecraft:diorite":5,"minecraft:furnace":4,"minecraft:birch_log":7,"minecraft:iron_ore":18,"minecraft:birch_leaves":2,"minecraft:andesite":6,"minecraft:grass":4,"minecraft:oak_log":7,"minecraft:coal_ore":48,"minecraft:dirt":11,"minecraft:stone":85,"minecraft:oak_leaves":7},"minecraft:killed":{"minecraft:pig":9,"minecraft:chicken":2,"minecraft:cow":2}},"DataVersion":3463}