{"stats":{"minecraft:picked_up":{"minecraft:oak_log":6},"minecraft:used":{"minecraft:crafting_table":1},"minecraft:crafted":{"minecraft:crafting_table":1,"minecraft:oak_planks":20,"minecraft:stick":8},"minecraft:custom":{"minecraft:jump":7,"minecraft:time_since_rest":2243,"minecraft:leave_game":2,"minecraft:play_time":2243,"minecraft:sprint_one_cm":1411,"minecraft:time_since_death":2243,"minecraft:walk_one_cm":972,"minecraft:sneak_time":40,"minecraft:total_world_time":2243,"minecraft:interact_with_crafting_table":1,"minecraft:fall_one_cm":209,"minecraft:fly_one_cm":574},"minecraft:mined":{"minecraft:grass":1,"minecraft:oak_log":6,"minecraft:oak_leaves":1}},"DataVersion":3463}