{"stats":{"minecraft:picked_up":{"minecraft:crafting_table":9,"minecraft:chicken":7,"minecraft:wooden_pickaxe":2,"minecraft:spruce_planks":3,"minecraft:beef":12,"minecraft:oak_boat":4,"minecraft:iron_pickaxe":1,"minecraft:light_gray_wool":1,"minecraft:sugar_cane":6,"minecraft:birch_sapling":6,"minecraft:furnace":16,"minecraft:egg":2,"minecraft:dark_oak_sapling":4,"minecraft:raw_iron":19,"minecraft:stick":7,"minecraft:torch":13,"minecraft:porkchop":52,"minecraft:pointed_dripstone":9,"minecraft:diorite":5,"minecraft:stone_sword":3,"minecraft:rotten_flesh":2,"minecraft:mutton":32,"minecraft:white_wool":17,"minecraft:cobblestone":224,"minecraft:birch_log":33,"minecraft:feather":9,"minecraft:cooked_beef":7,"minecraft:andesite":1,"minecraft:leather":6,"minecraft:birch_planks":43,"minecraft:oak_log":79,"minecraft:lapis_lazuli":16,"minecraft:dirt":119,"minecraft:cooked_mutton":2,"minecraft:wheat_seeds":8,"minecraft:stone_pickaxe":7,"minecraft:iron_ingot":9,"minecraft:cooked_chicken":3,"minecraft:oak_planks":39,"minecraft:cooked_porkchop":7,"minecraft:sweet_berries":13,"minecraft:sand":1,"minecraft:spruce_sapling":2,"minecraft:white_bed":3,"minecraft:spruce_log":4,"minecraft:dark_oak_log":22,"minecraft:stone_axe":3,"minecraft:spruce_boat":2,"minecraft:granite":7,"minecraft:gray_wool":2,"minecraft:oak_sapling":1,"minecraft:black_wool":1,"minecraft:coal":143},"minecraft:used":{"minecraft:stone_sword":93,"minecraft:spruce_planks":2,"minecraft:chest":1,"minecraft:shield":13,"minecraft:cooked_chicken":3,"minecraft:torch":7,"minecraft:dirt":69,"minecraft:granite":6,"minecraft:spruce_boat":2,"minecraft:lava_bucket":11,"minecraft:light_gray_wool":1,"minecraft:furnace":12,"minecraft:cooked_beef":6,"minecraft:water_bucket":32,"minecraft:diorite":5,"minecraft:birch_planks":4,"minecraft:stone_pickaxe":116,"minecraft:wooden_pickaxe":4,"minecraft:crafting_table":12,"minecraft:white_bed":4,"minecraft:iron_pickaxe":87,"minecraft:stone_axe":91,"minecraft:cobblestone":100,"minecraft:cooked_porkchop":11,"minecraft:andesite":1,"minecraft:birch_log":2,"minecraft:bucket":44,"minecraft:oak_boat":3,"minecraft:gray_wool":2},"minecraft:dropped":{"minecraft:porkchop":5,"minecraft:birch_planks":8,"minecraft:wheat_seeds":7,"minecraft:cooked_beef":4,"minecraft:oak_log":16,"minecraft:dark_oak_sapling":4,"minecraft:cooked_porkchop":1,"minecraft:feather":8,"minecraft:cobblestone":123,"minecraft:leather":4,"minecraft:granite":1,"minecraft:coal":16,"minecraft:stick":7,"minecraft:dirt":4,"minecraft:dark_oak_log":20,"minecraft:mutton":8,"minecraft:sand":1,"minecraft:iron_pickaxe":1,"minecraft:furnace":1,"minecraft:stone_axe":3,"minecraft:sweet_berries":4,"minecraft:sugar_cane":1,"minecraft:cooked_chicken":2,"minecraft:stone_sword":4,"minecraft:birch_sapling":1,"minecraft:chicken":1,"minecraft:oak_planks":26,"minecraft:oak_boat":1,"minecraft:oak_sapling":1,"minecraft:beef":2,"minecraft:wooden_pickaxe":3,"minecraft:stone_pickaxe":7,"minecraft:egg":2},"minecraft:crafted":{"minecraft:oak_planks":24,"minecraft:cooked_chicken":2,"minecraft:furnace":2,"minecraft:cooked_mutton":16,"minecraft:stone_pickaxe":1,"minecraft:chest":1,"minecraft:spruce_boat":1,"minecraft:cooked_beef":7,"minecraft:cooked_porkchop":30,"minecraft:crafting_table":4,"minecraft:spruce_planks":16,"minecraft:wooden_pickaxe":1,"minecraft:bucket":1,"minecraft:birch_planks":20,"minecraft:stone_axe":1,"minecraft:air":0,"minecraft:shield":1,"minecraft:stick":24,"minecraft:iron_ingot":9,"minecraft:iron_pickaxe":2,"minecraft:stone_sword":3,"minecraft:white_bed":2,"minecraft:torch":36},"minecraft:custom":{"minecraft:mob_kills":49,"minecraft:interact_with_crafting_table":22,"minecraft:leave_game":5,"minecraft:time_since_death":79809,"minecraft:sprint_one_cm":246472,"minecraft:walk_one_cm":126138,"minecraft:damage_blocked_by_shield":346,"minecraft:drop":68,"minecraft:play_time":87775,"minecraft:deaths":1,"minecraft:sneak_time":8597,"minecraft:walk_under_water_one_cm":8357,"minecraft:boat_one_cm":359121,"minecraft:jump":1808,"minecraft:walk_on_water_one_cm":13747,"minecraft:total_world_time":87775,"minecraft:interact_with_furnace":50,"minecraft:sleep_in_bed":9,"minecraft:time_since_rest":10403,"minecraft:damage_taken":1579,"minecraft:damage_dealt":6260,"minecraft:swim_one_cm":17289,"minecraft:fly_one_cm":291775,"minecraft:player_kills":10,"minecraft:open_chest":10,"minecraft:crouch_one_cm":11901,"minecraft:fall_one_cm":44034},"minecraft:mined":{"minecraft:white_bed":3,"minecraft:dark_oak_leaves":23,"minecraft:dark_oak_log":4,"minecraft:granite":6,"minecraft:grass_block":25,"minecraft:spruce_leaves":11,"minecraft:large_fern":1,"minecraft:furnace":12,"minecraft:iron_ore":18,"minecraft:andesite":6,"minecraft:stone":92,"minecraft:crafting_table":9,"minecraft:tall_grass":5,"minecraft:cobblestone":12,"minecraft:lapis_ore":2,"minecraft:sugar_cane":2,"minecraft:diorite":5,"minecraft:seagrass":1,"minecraft:birch_log":33,"minecraft:sweet_berry_bush":1,"minecraft:spruce_log":5,"minecraft:birch_leaves":2,"minecraft:grass":19,"minecraft:coal_ore":48,"minecraft:oak_log":7,"minecraft:sand":1,"minecraft:dirt":25,"minecraft:oak_leaves":7},"minecraft:killed":{"minecraft:skeleton":2,"minecraft:chicken":5,"minecraft:pig":18,"minecraft:creeper":1,"minecraft:sheep":17,"minecraft:zombie":1,"minecraft:cow":5}},"DataVersion":3463}