{"stats":{"minecraft:picked_up":{"minecraft:crafting_table":2,"minecraft:cooked_beef":4,"minecraft:cooked_porkchop":8,"minecraft:sweet_berries":13,"minecraft:andesite":1,"minecraft:torch":14,"minecraft:porkchop":6,"minecraft:oak_log":18,"minecraft:spruce_sapling":2,"minecraft:dirt":27,"minecraft:stone_sword":2,"minecraft:rotten_flesh":2,"minecraft:beef":3,"minecraft:stone_pickaxe":4,"minecraft:iron_pickaxe":1,"minecraft:mutton":4,"minecraft:coal":76,"minecraft:white_wool":2,"minecraft:cobblestone":81,"minecraft:furnace":3},"minecraft:used":{"minecraft:stone_pickaxe":189,"minecraft:iron_pickaxe":1,"minecraft:torch":1,"minecraft:sweet_berries":4,"minecraft:cooked_porkchop":1},"minecraft:broken":{"minecraft:stone_pickaxe":1},"minecraft:dropped":{"minecraft:porkchop":6},"minecraft:killed_by":{"minecraft:player":2,"minecraft:skeleton":1},"minecraft:crafted":{"minecraft:cooked_mutton":2},"minecraft:custom":{"minecraft:time_since_rest":7123,"minecraft:interact_with_furnace":1,"minecraft:sprint_one_cm":9988,"minecraft:damage_taken":1121,"minecraft:walk_one_cm":159424,"minecraft:mob_kills":2,"minecraft:drop":6,"minecraft:damage_dealt":432,"minecraft:interact_with_crafting_table":1,"minecraft:fly_one_cm":1948,"minecraft:play_time":38902,"minecraft:deaths":3,"minecraft:walk_under_water_one_cm":1575,"minecraft:jump":301,"minecraft:leave_game":1,"minecraft:time_since_death":22740,"minecraft:walk_on_water_one_cm":2198,"minecraft:sleep_in_bed":1,"minecraft:total_world_time":38902,"minecraft:fall_one_cm":2305},"minecraft:mined":{"minecraft:large_fern":3,"minecraft:tall_seagrass":1,"minecraft:furnace":1,"minecraft:sweet_berry_bush":3,"minecraft:grass":5,"minecraft:grass_block":7,"minecraft:oak_log":15,"minecraft:coal_ore":53,"minecraft:dirt":2,"minecraft:spruce_leaves":9,"minecraft:stone":94,"minecraft:oak_leaves":1},"minecraft:killed":{"minecraft:sheep":2}},"DataVersion":3463}