{"stats":{"minecraft:picked_up":{"minecraft:crafting_table":2,"minecraft:feather":1,"minecraft:cooked_beef":4,"minecraft:chicken":2,"minecraft:cooked_porkchop":8,"minecraft:sweet_berries":13,"minecraft:andesite":1,"minecraft:torch":14,"minecraft:porkchop":8,"minecraft:oak_log":22,"minecraft:spruce_sapling":2,"minecraft:dirt":27,"minecraft:arrow":4,"minecraft:stone_sword":2,"minecraft:bone":2,"minecraft:rotten_flesh":2,"minecraft:apple":1,"minecraft:spruce_boat":1,"minecraft:wheat_seeds":5,"minecraft:beef":3,"minecraft:stone_pickaxe":4,"minecraft:oak_boat":5,"minecraft:gray_wool":1,"minecraft:iron_pickaxe":1,"minecraft:oak_planks":3,"minecraft:birch_sapling":5,"minecraft:mutton":6,"minecraft:coal":77,"minecraft:white_wool":2,"minecraft:cobblestone":81,"minecraft:furnace":3},"minecraft:used":{"minecraft:stone_sword":26,"minecraft:stone_pickaxe":200,"minecraft:iron_pickaxe":1,"minecraft:torch":1,"minecraft:sweet_berries":4,"minecraft:crafting_table":1,"minecraft:cooked_porkchop":1,"minecraft:oak_boat":2},"minecraft:broken":{"minecraft:stone_pickaxe":1},"minecraft:dropped":{"minecraft:dirt":1,"minecraft:porkchop":6,"minecraft:oak_log":1,"minecraft:coal":1},"minecraft:killed_by":{"minecraft:player":9,"minecraft:skeleton":1},"minecraft:crafted":{"minecraft:oak_boat":1,"minecraft:oak_planks":12,"minecraft:crafting_table":1,"minecraft:cooked_mutton":2},"minecraft:custom":{"minecraft:time_since_rest":2369,"minecraft:damage_taken":3220,"minecraft:sprint_one_cm":49303,"minecraft:interact_with_furnace":1,"minecraft:walk_one_cm":243429,"minecraft:mob_kills":5,"minecraft:drop":9,"minecraft:damage_dealt":1320,"minecraft:interact_with_crafting_table":2,"minecraft:player_kills":1,"minecraft:fly_one_cm":50408,"minecraft:play_time":74236,"minecraft:deaths":11,"minecraft:sneak_time":6,"minecraft:walk_under_water_one_cm":2439,"minecraft:boat_one_cm":260855,"minecraft:jump":692,"minecraft:leave_game":3,"minecraft:time_since_death":0,"minecraft:walk_on_water_one_cm":4085,"minecraft:sleep_in_bed":1,"minecraft:total_world_time":74236,"minecraft:fall_one_cm":21911},"minecraft:mined":{"minecraft:large_fern":3,"minecraft:tall_seagrass":1,"minecraft:furnace":1,"minecraft:lily_of_the_valley":1,"minecraft:sweet_berry_bush":3,"minecraft:grass":31,"minecraft:grass_block":7,"minecraft:oak_log":19,"minecraft:coal_ore":53,"minecraft:dirt":2,"minecraft:tall_grass":2,"minecraft:spruce_leaves":9,"minecraft:stone":94,"minecraft:oak_leaves":1},"minecraft:killed":{"minecraft:sheep":3,"minecraft:pig":1,"minecraft:chicken":1}},"DataVersion":3463}