{"stats":{"minecraft:picked_up":{"minecraft:crafting_table":2,"minecraft:feather":1,"minecraft:cooked_beef":4,"minecraft:chicken":2,"minecraft:cooked_porkchop":8,"minecraft:sweet_berries":13,"minecraft:andesite":1,"minecraft:torch":14,"minecraft:porkchop":6,"minecraft:oak_log":18,"minecraft:spruce_sapling":2,"minecraft:dirt":27,"minecraft:stone_sword":2,"minecraft:rotten_flesh":2,"minecraft:beef":3,"minecraft:stone_pickaxe":4,"minecraft:iron_pickaxe":1,"minecraft:mutton":4,"minecraft:birch_sapling":5,"minecraft:coal":77,"minecraft:white_wool":2,"minecraft:cobblestone":81,"minecraft:furnace":3},"minecraft:used":{"minecraft:stone_pickaxe":200,"minecraft:iron_pickaxe":1,"minecraft:torch":1,"minecraft:sweet_berries":4,"minecraft:cooked_porkchop":1},"minecraft:broken":{"minecraft:stone_pickaxe":1},"minecraft:dropped":{"minecraft:dirt":1,"minecraft:porkchop":6,"minecraft:coal":1},"minecraft:killed_by":{"minecraft:player":2,"minecraft:skeleton":1},"minecraft:crafted":{"minecraft:cooked_mutton":2},"minecraft:custom":{"minecraft:time_since_rest":18812,"minecraft:damage_taken":1131,"minecraft:sprint_one_cm":10778,"minecraft:interact_with_furnace":1,"minecraft:walk_one_cm":200057,"minecraft:mob_kills":3,"minecraft:drop":8,"minecraft:damage_dealt":510,"minecraft:interact_with_crafting_table":1,"minecraft:fly_one_cm":2189,"minecraft:play_time":50591,"minecraft:deaths":3,"minecraft:sneak_time":5,"minecraft:walk_under_water_one_cm":2287,"minecraft:boat_one_cm":35980,"minecraft:jump":409,"minecraft:leave_game":2,"minecraft:time_since_death":34429,"minecraft:walk_on_water_one_cm":3235,"minecraft:sleep_in_bed":1,"minecraft:total_world_time":50591,"minecraft:fall_one_cm":3524},"minecraft:mined":{"minecraft:large_fern":3,"minecraft:tall_seagrass":1,"minecraft:furnace":1,"minecraft:lily_of_the_valley":1,"minecraft:sweet_berry_bush":3,"minecraft:grass":7,"minecraft:grass_block":7,"minecraft:oak_log":15,"minecraft:coal_ore":53,"minecraft:dirt":2,"minecraft:spruce_leaves":9,"minecraft:stone":94,"minecraft:oak_leaves":1},"minecraft:killed":{"minecraft:sheep":2,"minecraft:chicken":1}},"DataVersion":3463}