{"stats":{"minecraft:picked_up":{"minecraft:crafting_table":2,"minecraft:stone_sword":2,"minecraft:sweet_berries":7,"minecraft:andesite":1,"minecraft:torch":14,"minecraft:beef":3,"minecraft:stone_pickaxe":4,"minecraft:oak_log":18,"minecraft:iron_pickaxe":1,"minecraft:cooked_beef":3,"minecraft:mutton":4,"minecraft:white_wool":2,"minecraft:coal":75,"minecraft:dirt":25,"minecraft:cobblestone":59,"minecraft:furnace":2},"minecraft:used":{"minecraft:torch":1,"minecraft:stone_pickaxe":136},"minecraft:killed_by":{"minecraft:skeleton":1,"minecraft:player":2},"minecraft:crafted":{"minecraft:cooked_mutton":2},"minecraft:custom":{"minecraft:time_since_rest":11327,"minecraft:walk_one_cm":112075,"minecraft:play_time":27453,"minecraft:sprint_one_cm":8261,"minecraft:damage_taken":1121,"minecraft:deaths":3,"minecraft:walk_under_water_one_cm":1307,"minecraft:mob_kills":2,"minecraft:jump":165,"minecraft:damage_dealt":432,"minecraft:walk_on_water_one_cm":1118,"minecraft:time_since_death":11291,"minecraft:total_world_time":27453,"minecraft:interact_with_furnace":1,"minecraft:fall_one_cm":1142,"minecraft:fly_one_cm":939},"minecraft:mined":{"minecraft:grass":5,"minecraft:coal_ore":53,"minecraft:grass_block":4,"minecraft:oak_log":15,"minecraft:sweet_berry_bush":3,"minecraft:stone":55,"minecraft:tall_seagrass":1,"minecraft:large_fern":3,"minecraft:oak_leaves":1},"minecraft:killed":{"minecraft:sheep":2}},"DataVersion":3463}