{"stats":{"minecraft:picked_up":{"minecraft:crafting_table":3,"minecraft:feather":1,"minecraft:cooked_beef":7,"minecraft:chicken":4,"minecraft:andesite":1,"minecraft:dark_oak_boat":1,"minecraft:oak_log":22,"minecraft:dirt":30,"minecraft:cooked_mutton":2,"minecraft:bone":2,"minecraft:apple":1,"minecraft:wheat_seeds":7,"minecraft:beef":3,"minecraft:stone_pickaxe":5,"minecraft:oak_boat":5,"minecraft:iron_pickaxe":2,"minecraft:birch_sapling":5,"minecraft:oak_planks":3,"minecraft:furnace":3,"minecraft:cooked_porkchop":8,"minecraft:sweet_berries":13,"minecraft:torch":14,"minecraft:gravel":1,"minecraft:porkchop":9,"minecraft:spruce_sapling":4,"minecraft:white_bed":1,"minecraft:stone_sword":5,"minecraft:arrow":5,"minecraft:rotten_flesh":4,"minecraft:spruce_boat":2,"minecraft:gray_wool":1,"minecraft:black_wool":1,"minecraft:mutton":8,"minecraft:coal":77,"minecraft:white_wool":4,"minecraft:cobblestone":107},"minecraft:used":{"minecraft:stone_sword":26,"minecraft:stone_pickaxe":200,"minecraft:torch":1,"minecraft:crafting_table":1,"minecraft:iron_pickaxe":35,"minecraft:sweet_berries":4,"minecraft:cooked_porkchop":1,"minecraft:oak_boat":2},"minecraft:broken":{"minecraft:stone_pickaxe":1},"minecraft:dropped":{"minecraft:porkchop":6,"minecraft:oak_log":1,"minecraft:coal":1,"minecraft:dirt":1,"minecraft:spruce_boat":1},"minecraft:killed_by":{"minecraft:player":9,"minecraft:skeleton":1},"minecraft:crafted":{"minecraft:oak_planks":12,"minecraft:crafting_table":1,"minecraft:cooked_mutton":2,"minecraft:oak_boat":1},"minecraft:custom":{"minecraft:interact_with_furnace":1,"minecraft:mob_kills":8,"minecraft:interact_with_crafting_table":2,"minecraft:leave_game":4,"minecraft:time_since_death":12349,"minecraft:sleep_in_bed":4,"minecraft:time_since_rest":10461,"minecraft:sprint_one_cm":59217,"minecraft:damage_taken":3290,"minecraft:walk_one_cm":279452,"minecraft:drop":10,"minecraft:damage_dealt":1597,"minecraft:fly_one_cm":51291,"minecraft:player_kills":1,"minecraft:play_time":86866,"minecraft:deaths":11,"minecraft:sneak_time":20,"minecraft:walk_under_water_one_cm":3120,"minecraft:boat_one_cm":445994,"minecraft:jump":742,"minecraft:walk_on_water_one_cm":5357,"minecraft:total_world_time":86866,"minecraft:fall_one_cm":22329},"minecraft:mined":{"minecraft:white_bed":1,"minecraft:lily_of_the_valley":1,"minecraft:grass_block":7,"minecraft:tall_grass":2,"minecraft:spruce_leaves":9,"minecraft:large_fern":3,"minecraft:tall_seagrass":1,"minecraft:furnace":1,"minecraft:sweet_berry_bush":3,"minecraft:grass":45,"minecraft:coal_ore":53,"minecraft:oak_log":19,"minecraft:dirt":3,"minecraft:stone":94,"minecraft:oak_leaves":1},"minecraft:killed":{"minecraft:pig":2,"minecraft:sheep":5,"minecraft:chicken":1}},"DataVersion":3463}