{"stats":{"minecraft:picked_up":{"minecraft:oak_log":7,"minecraft:dirt":1},"minecraft:killed_by":{"minecraft:player":1},"minecraft:custom":{"minecraft:jump":15,"minecraft:time_since_rest":1890,"minecraft:damage_dealt":95,"minecraft:deaths":1,"minecraft:sprint_one_cm":4,"minecraft:play_time":3453,"minecraft:damage_taken":326,"minecraft:time_since_death":1840,"minecraft:walk_one_cm":15551,"minecraft:total_world_time":3453,"minecraft:fall_one_cm":269,"minecraft:fly_one_cm":207},"minecraft:mined":{"minecraft:oak_log":5,"minecraft:grass_block":1}},"DataVersion":3463}