{"stats":{"minecraft:picked_up":{"minecraft:crafting_table":1,"minecraft:stone_sword":1,"minecraft:andesite":1,"minecraft:torch":7,"minecraft:stone_pickaxe":2,"minecraft:oak_log":18,"minecraft:coal":35,"minecraft:dirt":3,"minecraft:cobblestone":57},"minecraft:used":{"minecraft:torch":1,"minecraft:stone_pickaxe":109},"minecraft:killed_by":{"minecraft:player":2},"minecraft:custom":{"minecraft:time_since_rest":11274,"minecraft:walk_one_cm":46420,"minecraft:play_time":15453,"minecraft:sprint_one_cm":659,"minecraft:damage_taken":716,"minecraft:deaths":2,"minecraft:jump":71,"minecraft:damage_dealt":162,"minecraft:time_since_death":11232,"minecraft:total_world_time":15453,"minecraft:fall_one_cm":269,"minecraft:fly_one_cm":365},"minecraft:mined":{"minecraft:coal_ore":53,"minecraft:grass_block":4,"minecraft:oak_log":15,"minecraft:stone":55,"minecraft:oak_leaves":1}},"DataVersion":3463}